"שם האירוע","מועד האירוע","מיקום האירוע","כמות כרטיסים שהוקצו","כמות כרטיסים שנמכרו","סה""כ מכירות בש""ח","סה""כ החזרים בש""ח","סה""כ עמלות בש""ח","סה""כ למוכר בש""ח","סה""כ מזומן"
"קולנוע נגטיב - מכירת מנויים תשע""ט ","11.10.2018 20:00","קולנוע נגטיב",5000,30,3352,0,122.6,2329.4,900
"פדינגטון 2","04.11.2018 20:00","אולם 6",250,0,0,0,0,0,0
חיפוש,"04.11.2018 21:00","אולם 5",250,22,172,37.8,5.45,65.75,63
"ונום 11/11","04.11.2018 21:00","אולם 5",250,0,0,0,0,0,0
"פדינגטון 2","04.11.2018 21:30","אולם 6",250,5,46,0,0,0,46
"שחקן מספר 1","05.11.2018 21:00","אולם 6",250,0,0,0,0,0,0
"שחקן מספר 1 5.11","05.11.2018 21:00","אולם 6",250,11,63,0,2.1,39.9,21
"ונום 11/11","05.11.2018 21:00","אולם 6",250,0,0,0,0,0,0
"הג'נטלמן והאקדח 5.11","05.11.2018 21:30","אולם 5",250,8,0,0,0,0,0
"הג'נטלמן והאקדח - הקרנה אחרונה!","05.11.2018 21:30","אולם 5",250,0,0,0,0,0,0
"פדינגטון 6.11","06.11.2018 21:00","אולם 6",250,8,0,0,0,0,0
"חיפוש 6.11","06.11.2018 21:30","אולם 5",250,27,127,0,4.25,80.75,42
"פדינגטון 2 6/11","06.11.2018 21:30","אולם 6",250,0,0,0,0,0,0
"חלום ירושלים","07.11.2018 20:30","אולם 5",250,17,120,18,4.5,67.5,30
"שחקן מספר 1","07.11.2018 21:00","אולם 6",250,8,63,0,3.15,59.85,0
"טרנזיט 7/1","07.11.2018 21:30","אולם 6",250,0,0,0,0,0,0
"שחקן מספר 1 הקרנה אחרונה!","08.11.2018 21:00","אולם 6",250,3,0,0,0,0,0
"הג'נטלמן והאקדח הקרנה אחרונה 8/11","08.11.2018 21:30","אולם 5",250,7,63,0,3.15,59.85,0
"טרנזיט 9/1","09.11.2018 21:30","אולם 6",250,0,0,0,0,0,0
"חיפוש הקרנה אחרונה!","10.11.2018 21:30","אולם 5",250,3,0,0,0,0,0
"פדינגטון 2- הקרנה אחרונה","10.11.2018 22:00","אולם 6",250,0,0,0,0,0,0
"ונום 11/11","11.11.2018 21:00","אולם 5",250,39,507,0,12.85,244.15,250
"מועדון הספר הטוב 11/11","11.11.2018 21:30","אולם 6",250,4,0,0,0,0,0
"פבלו 12/11","12.11.2018 21:00","אולם 6",250,3,0,0,0,0,0
"ונום 14/11","14.11.2018 21:00","אולם 5",250,39,432,0,12.15,230.85,189
"פבלו 14/11","14.11.2018 21:30","אולם 6",250,18,84,0,0,0,84
"ונום 15/11","15.11.2018 21:00","אולם 5",250,29,236,0,3.55,67.45,165
"פבלו 15/11","15.11.2018 21:30","אולם 6",250,3,0,0,0,0,0
"ונום 17/11","17.11.2018 21:30","אולם 5",250,25,176,0,4.6,87.4,84
"מועדון הספר הטוב 17/11","17.11.2018 22:00","אולם 5",250,9,0,0,0,0,0
"פרא 18/11","18.11.2018 21:00","אולם 6",250,2,0,0,0,0,0
"מעשה פלאים 25/11","18.11.2018 21:00","אולם 6",250,0,0,0,0,0,0
"מעשה פלאים 25/11","18.11.2018 21:00","אולם 6",250,0,0,0,0,0,0
"מבוך האימה 18/11","18.11.2018 21:30","אולם 5",250,3,21,0,0,0,21
"זמנים קשים באל רויאל 19/11","19.11.2018 21:00","אולם 5",250,13,74,0,0,0,74
"קומיקס, אפריקה והפנתר השחור","19.11.2018 21:00","אולם 5",250,0,0,0,0,0,0
"קומיקס, אפריקה והפנתר השחור","19.11.2018 21:00","אולם 5",250,0,0,0,0,0,0
"קומיקס, אפריקה והפנתר השחור","19.11.2018 21:00","אולם 5",250,0,0,0,0,0,0
"קומיקס, אפריקה והפנתר השחור","19.11.2018 21:00","אולם 5",250,0,0,0,0,0,0
"קומיקס, אפריקה והפנתר השחור","19.11.2018 21:00","אולם 5",250,0,0,0,0,0,0
"קומיקס, אפריקה והפנתר השחור","19.11.2018 21:00","אולם 5",250,0,0,0,0,0,0
"קומיקס, אפריקה והפנתר השחור","19.11.2018 21:00","אולם 5",250,0,0,0,0,0,0
"המילים הפשוטות 19/11","19.11.2018 21:30","אולם 6",250,6,21,0,0,0,21
"המילים הפשוטות 21/11","19.11.2018 21:30","אולם 6",250,3,0,0,0,0,0
"המילים הפשוטות 24/11","19.11.2018 21:30","אולם 6",250,0,0,0,0,0,0
"זמנים קשוחים באל רויאל 20/11","20.11.2018 21:00","אולם 5",250,4,0,0,0,0,0
"פרא 20/11","20.11.2018 21:30","אולם 6",250,1,0,0,0,0,0
"המילים הפשוטות 21/11","21.11.2018 21:00","אולם 6",250,0,0,0,0,0,0
"מבוך האימה 21/11","21.11.2018 21:30","אולם 5",250,2,0,0,0,0,0
"פרא 22/11 הקרנה אחרונה","22.11.2018 21:00","אולם 6",250,4,21,0,0,0,21
"מבוך האימה 22/11 הקרנה אחרונה","22.11.2018 21:30","אולם 5",250,5,25,0,1.25,23.75,0
"זמנים קשוחים באל רויאל 24/11","24.11.2018 21:30","אולם 5",250,14,63,0,1.05,19.95,42
"המילים הפשוטות 24/11","24.11.2018 22:00","אולם 6",250,6,0,0,0,0,0
"מעשה פלאים 25/11","25.11.2018 21:00","אולם 6",250,2,0,0,0,0,0
"מעשה פלאים 27/11","25.11.2018 21:00","אולם 6",250,0,0,0,0,0,0
"מעשה פלאים 27/11","25.11.2018 21:00","אולם 6",250,0,0,0,0,0,0
"מעשה פלאים 27/11","25.11.2018 21:00","אולם 6",250,0,0,0,0,0,0
"מעשה פלאים 27/11","25.11.2018 21:00","אולם 6",250,0,0,0,0,0,0
"מעשה פלאים 27/11","25.11.2018 21:00","אולם 6",250,0,0,0,0,0,0
"מעשה פלאים 27/11","25.11.2018 21:00","אולם 6",250,0,0,0,0,0,0
"מעשה פלאים 27/11","25.11.2018 21:00","אולם 6",250,0,0,0,0,0,0
"מעשה פלאים 27/11","25.11.2018 21:00","אולם 6",250,0,0,0,0,0,0
"מעשה פלאים 27/11","25.11.2018 21:00","אולם 6",250,0,0,0,0,0,0
"מעשה פלאים 27/11","25.11.2018 21:00","אולם 6",250,0,0,0,0,0,0
"מעשה פלאים 27/11","25.11.2018 21:00","אולם 6",250,0,0,0,0,0,0
"מעשה פלאים 27/11","25.11.2018 21:00","אולם 6",250,0,0,0,0,0,0
"מעשה פלאים 27/11","25.11.2018 21:00","אולם 6",250,0,0,0,0,0,0
"מעשה פלאים 27/11","25.11.2018 21:00","אולם 6",250,0,0,0,0,0,0
"מעשה פלאים 27/11","25.11.2018 21:00","אולם 6",250,0,0,0,0,0,0
"מעשה פלאים 27/11","25.11.2018 21:00","אולם 6",250,0,0,0,0,0,0
"מעשה פלאים 29/11","25.11.2018 21:00","אולם 6",250,0,0,0,0,0,0
"מעשה פלאים 29/11","25.11.2018 21:00","אולם 6",250,0,0,0,0,0,0
"מעשה פלאים 29/11","25.11.2018 21:00","אולם 6",250,0,0,0,0,0,0
"מעשה פלאים 29/11","25.11.2018 21:00","אולם 6",250,0,0,0,0,0,0
"מעשה פלאים 29/11","25.11.2018 21:00","אולם 6",250,0,0,0,0,0,0
"מעשה פלאים 29/11","25.11.2018 21:00","אולם 6",250,0,0,0,0,0,0
"מעשה פלאים 29/11","25.11.2018 21:00","אולם 6",250,0,0,0,0,0,0
"מעשה פלאים 29/11","25.11.2018 21:00","אולם 6",250,0,0,0,0,0,0
"מעשה פלאים 29/11","25.11.2018 21:00","אולם 6",250,0,0,0,0,0,0
"מעשה פלאים 29/11","25.11.2018 21:00","אולם 6",250,0,0,0,0,0,0
"מעשה פלאים 29/11","25.11.2018 21:00","אולם 6",250,0,0,0,0,0,0
"חטופות 25/11","25.11.2018 21:30","אולם 5",250,1,0,0,0,0,0
"חטופות 25/11","25.11.2018 21:30","אולם 5",250,3,0,0,0,0,0
"שאהבה נפשי 26/11","26.11.2018 21:00","אולם 6",250,4,0,0,0,0,0
"ג'וני אינגליש 26/11","26.11.2018 21:30","אולם 5",250,7,35,0,0,0,35
"מעשה פלאים 27/11","27.11.2018 21:00","אולם 6",250,4,0,0,0,0,0
"ג'וני אינגליש 27/11","27.11.2018 21:30","אולם 5",250,11,163,0,4.2,79.8,79
"שאהבה נפשי 28/11","28.11.2018 21:00","אולם 6",250,4,0,0,0,0,0
"חטופות 28/11","28.11.2018 21:30","אולם 5",250,9,21,0,0,0,21
"מעשה פלאים 29/11","29.11.2018 21:00","אולם 6",250,2,0,0,0,0,0
"חטופות 29/11","29.11.2018 21:30","אולם 5",250,1,0,0,0,0,0
"שאהבה נפשי 1/12","01.12.2018 21:30","אולם 6",250,8,0,0,0,0,0
"ג'וני אינגליש 1/12","01.12.2018 22:00","אולם 5",250,6,81,0,2.8,53.2,25
"כוכב נולד 2/12","02.12.2018 21:00","אולם 5",250,42,352,0,5.25,99.75,147
"חטוף 2.12","02.12.2018 21:30","אולם 6",250,2,42,0,0,0,42
"כוכב נולד 3/12","03.12.2018 21:00","אולם 5",250,11,71,0,0,0,71
"מונטנה 3/12","03.12.2018 21:30","אולם 6",250,4,50,0,1.45,27.55,21
"קומיקס, אפריקה והפנתר השחור","04.12.2018 20:30","אולם 5",250,52,370,0,9,171,190
"מונטנה 4/12","04.12.2018 21:00","אולם 6",250,0,0,0,0,0,0
"כוכב נולד 5/12","05.12.2018 21:00","אולם 5",250,13,102,0,3.35,63.65,35
"חטוף 5/12","05.12.2018 21:30","אולם 6",250,4,21,0,0,0,21
"כוכב נולד 6/12","06.12.2018 21:00","אולם 5",250,15,205,0,6.05,114.95,84
"הבלתי רישמיים","06.12.2018 21:00","אולם 5",250,0,0,0,0,0,0
"הבלתי רישמיים","06.12.2018 21:00","אולם 5",250,0,0,0,0,0,0
"הבלתי רישמיים","06.12.2018 21:00","אולם 5",250,0,0,0,0,0,0
"הבלתי רישמיים","06.12.2018 21:00","אולם 5",250,0,0,0,0,0,0
"הבלתי רישמיים","06.12.2018 21:00","אולם 5",250,0,0,0,0,0,0
"הבלתי רישמיים","06.12.2018 21:00","אולם 5",250,0,0,0,0,0,0
"הבלתי רישמיים","06.12.2018 21:00","אולם 5",250,0,0,0,0,0,0
"הבלתי רישמיים","06.12.2018 21:00","אולם 5",250,0,0,0,0,0,0
"הבלתי רישמיים","06.12.2018 21:00","אולם 5",250,0,0,0,0,0,0
"מונטנה 6/12","06.12.2018 21:30","אולם 6",250,0,0,0,0,0,0
"בונז'ור מיאמי 10/12","10.12.2018 21:00","אולם 5",250,0,0,0,0,0,0
"הבלתי רישמיים","10.12.2018 21:00","אולם 5",250,0,0,0,0,0,0
"הבלתי רישמיים","10.12.2018 21:00","אולם 5",250,0,0,0,0,0,0
"הבלתי רישמיים","10.12.2018 21:00","אולם 5",250,0,0,0,0,0,0
"מלון ארטמיס 10/12","10.12.2018 21:30","אולם 6",250,1,0,0,0,0,0
"הבלתי רישמיים","11.12.2018 20:30","אולם 5",250,73,1178,0,40,760,378
"מלון ארטמיס 11/12","11.12.2018 21:00","אולם 6",250,3,10,0,0,0,10
"בונז'ור מיאמי 13/12","13.12.2018 21:00","אולם 5",250,1,0,0,0,0,0
"מלון ארטמיס 13/12","13.12.2018 21:30","אולם 6",250,13,79,0,3.95,75.05,0
"בונז'ור מיאמי 15/12","15.12.2018 21:30","אולם 5",250,7,42,0,0,0,42
"מלון ארטמיס 15/12","15.12.2018 22:00","אולם 6",250,7,0,0,0,0,0
"וונדר וומן 16/12","16.12.2018 21:00","אולם 6",250,0,0,0,0,0,0
"הנערה ברשת העכביש 16/12","16.12.2018 21:30","אולם 5",250,2,0,0,0,0,0
"וונדר וומן 17/12","17.12.2018 21:00","אולם 6",250,2,0,0,0,0,0
"הנערה ברשת העכביש 17/12","17.12.2018 21:30","אולם 5",250,9,42,0,2.1,39.9,0
"העודף בשבילך 18/12","18.12.2018 19:20","אולם 5",172,172,0,0,0,0,0
"מבול 18/12","18.12.2018 19:20","אולם 6",194,188,0,0,0,0,0
"Life Animated 18/12","18.12.2018 21:45","אולם 5",194,114,0,0,0,0,0
"Snow Cake 18/12","18.12.2018 21:45","אולם 6",194,105,0,0,0,0,0
"וונדר וומן 19/12","19.12.2018 21:00","אולם 6",250,0,0,0,0,0,0
"אזימוט 19/12","19.12.2018 21:30","אולם 6",250,6,50,0,1.05,19.95,29
"וונדר וומן 20/12 ב10 ש""ח!","20.12.2018 21:00","אולם 6",250,0,0,0,0,0,0
"הנערה ברשת העכביש 20/12","20.12.2018 21:30","אולם 5",250,4,0,0,0,0,0
"הנערה ברשת העכביש 22/12","22.12.2018 21:30","אולם 5",250,6,42,0,2.1,39.9,0
"אזימוט 22/12","22.12.2018 21:30","אולם 6",250,4,29,0,1.45,27.55,0
"אלמנות 23/12","23.12.2018 21:00","אולם 5",250,5,0,0,0,0,0
"מנשה 23/11","23.12.2018 21:30","אולם 6",250,2,0,0,0,0,0
"מנשה 24/12","23.12.2018 21:30","אולם 6",250,0,0,0,0,0,0
"חיות הפלא: הפשעים של גרינוולד 24/12","24.12.2018 21:00","אולם 5",250,50,496,0,20.6,391.4,84
"מנשה 24/12","24.12.2018 21:30","אולם 6",250,2,0,0,0,0,0
"אלמנות 25/12","25.12.2018 21:00","אולם 5",250,22,46,0,1.05,19.95,25
"אישה צועדת קדימה 25/12","25.12.2018 21:00","אולם 5",250,1,0,0,0,0,0
"חיות הפלא הפשעים של.. 26/12","26.12.2018 21:00","אולם 5",250,35,475,0,18.85,358.15,98
"אישה צועדת קדימה 26/12","26.12.2018 21:30","אולם 6",250,0,0,0,0,0,0
"חיות הפלא: הפשעים של גרינוולד 27/12","27.12.2018 21:00","אולם 5",250,45,413,0,15.95,303.05,94
"מנשה 27/12","27.12.2018 21:30","אולם 6",250,0,0,0,0,0,0
"הגרינץ' 28/12","28.12.2018 12:30","אולם 6",250,10,150,0,7.5,142.5,0
"אלמנות 29/12","29.12.2018 21:30","אולם 5",250,4,63,0,0,0,63
"אישה צועדת קדימה 29/12","29.12.2018 22:00","אולם 6",250,0,0,0,0,0,0
"City Of Joy שיחה והקרנה","30.12.2018 20:30","אולם 5",250,49,0,0,0,0,0
"קריד2 30/12","30.12.2018 21:00","אולם 5",250,12,105,0,2.1,39.9,63
"נשות החופש 1/1/19","01.01.2019 20:30","אולם 6",250,40,365,0,13.75,261.25,90
"סה לה וי 1/1","01.01.2019 21:00","אולם 6",250,3,0,0,0,0,0
"מופע הקולנוע של רוקי: קאסט נשי","02.01.2019 21:00","אולם 5",250,165,4079,52.55,183.35,3431.1,412
"סה לה וי 2/1","02.01.2019 21:00","אולם 6",250,1,0,0,0,0,0
"קריד 2 03/01","03.01.2019 21:00","אולם 5",250,6,25,0,1.25,23.75,0
"סה לה וי 3/1","03.01.2019 21:30","אולם 6",250,2,58,0,0,0,58
"קריד2 04/01","04.01.2019 21:00","אולם 5",250,0,0,0,0,0,0
"קריד 2 05/01","05.01.2019 21:30","אולם 5",250,2,0,0,0,0,0
"סה לה וי 5/1","05.01.2019 22:00","אולם 6",250,10,129,0,6.45,122.55,0
"מה יגידו כולם 6/1/19","06.01.2019 21:00","אולם 6",250,10,105,0,4.2,79.8,21
"אין בתלולות בקריות 6/1","06.01.2019 21:30","אולם 5",250,3,21,0,1.05,19.95,0
"האחים סיסטרז 7.1","07.01.2019 21:00","אולם 6",250,5,21,0,0,0,21
"טרנזיט 7/11","07.01.2019 21:30","אולם 6",250,0,0,0,0,0,0
"מה יגידו כולם 8/1","08.01.2019 21:00","אולם 6",250,9,21,0,0,0,21
"אין בתולות בקריות 8/1","08.01.2019 21:30","אולם 5",250,4,0,0,0,0,0
"האחים סיסטרז 9.1","09.01.2019 21:00","אולם 6",250,6,42,0,1.05,19.95,21
"טרנזיט 9/1","09.01.2019 21:30","אולם 6",250,0,0,0,0,0,0
"האחים סיסטרז 10.1","10.01.2019 21:00","אולם 6",250,5,41,0,0,0,41
"טרנזיט 10/1","10.01.2019 21:30","אולם 6",250,3,0,0,0,0,0
"מה יגידו כולם 12/1","12.01.2019 21:30","אולם 6",250,9,133,0,1.45,27.55,104
"אין בתולות בקריות 12/1","12.01.2019 22:00","אולם 5",250,2,21,0,0,0,21
"אפ- סייד 13/1","13.01.2019 21:00","אולם 5",250,24,84,0,0,0,84
"אהבתה מרתיחה את מי האמבט 13/1","13.01.2019 21:30","אולם 6",250,5,0,0,0,0,0
"כוכב נולד 14/1","14.01.2019 21:00","אולם 5",250,32,329,37.8,10.45,160.75,120
"היעד...חתונה 14/1","14.01.2019 21:30","אולם 6",250,0,0,0,0,0,0
"אפ-סייד 15/1","15.01.2019 21:00","אולם 5",250,10,21,0,0,0,21
"היעד...חתונה 15/1","15.01.2019 21:30","אולם 6",250,5,42,0,0,0,42
"כוכב נולד 16/1","16.01.2019 21:00","אולם 5",250,14,176,0,7.75,147.25,21
"אהבתה מרתיחה את מי האמבט 16/1","16.01.2019 21:30","אולם 6",250,1,0,0,0,0,0
"אפ-סייד 17/1","17.01.2019 21:00","אולם 5",250,21,210,0,3.15,59.85,147
"אהבתה מרתיחה את מי האמבט 17/1","17.01.2019 21:30","אולם 6",250,4,29,0,0,0,29
"אפ-סייד 19/1","19.01.2019 21:30","אולם 5",250,7,92,0,3.55,67.45,21
"היעד...חתונה 19/1","19.01.2019 22:00","אולם 6",250,0,0,0,0,0,0
"ספיירדמן: מימד העכביש 20/1","20.01.2019 21:00","אולם 5",250,40,401,0,9.7,184.3,207
"מונטנה 20.1","20.01.2019 21:30","אולם 6",250,1,0,0,0,0,0
"אפסייד 21/1","21.01.2019 21:00","אולם 5",250,6,63,0,0,0,63
"על חוף צ'סיל 21/1","21.01.2019 21:30","אולם 6",250,3,0,0,0,0,0
"ספיידרמן : מימד העכביש 22/1","22.01.2019 21:00","אולם 5",250,35,384,0,7.75,147.25,229
"מונטנה 22/1","22.01.2019 21:30","אולם 6",250,3,21,0,0,0,21
"על חוף צס'יל 23/1","23.01.2019 21:00","אולם 6",250,5,21,0,1.05,19.95,0
"ספיידרמן : מימד העכביש 23/1","23.01.2019 21:30","אולם 5",250,29,238,0,11.9,226.1,0
"ספיידרמן : מימד העכביש 24/1","24.01.2019 21:00","אולם 5",250,27,377,0,10.9,207.1,159
"מונטנה 24/1","24.01.2019 21:30","אולם 6",250,7,92,0,3.15,59.85,29
"אפ-סייד 26/1","26.01.2019 21:30","אולם 5",250,8,81,0,1.05,19.95,60
"על חוף צ'סיל 26/1","26.01.2019 22:00","אולם 6",250,0,0,0,0,0,0
"סיפור אחר 27/1","27.01.2019 21:00","אולם 5",250,21,165,0,2.5,47.5,115
"מדינת הגמדים 27/1","27.01.2019 21:30","אולם 6",250,0,0,0,0,0,0
"גלימת השופט 27/1","27.01.2019 21:30","אולם 6",250,0,0,0,0,0,0
"ספיידרמן מימד הכביש 28/1","28.01.2019 21:00","אולם 5",250,25,293,0,4.16,99.84,189
"גלימת השופט 28/1","28.01.2019 21:30","אולם 6",250,1,0,0,0,0,0
"סיפור אחר 29/1","29.01.2019 21:00","אולם 5",250,18,226,0,4.68,112.32,109
"מדינת הגמדים 29/1","29.01.2019 21:30","אולם 6",250,3,28,0,1.12,26.88,0
"חיות הפלא: הפשעים של גרינוולד 30/1","30.01.2019 21:00","אולם 5",250,14,105,0,3.36,80.64,21
"גלימת השופט 30/1","30.01.2019 21:30","אולם 6",250,1,0,0,0,0,0
"סיפור אחר 31/1","31.01.2019 21:00","אולם 5",250,4,14,0,0,0,14
"מדינת הגמדים 31/1","31.01.2019 21:30","אולם 6",250,0,0,0,0,0,0
"ספיידרמן: מימד העכביש 2/1","02.02.2019 21:30","אולם 5",250,28,350,0,5.36,128.64,216
"גלימת השופט 2/2","02.02.2019 22:00","אולם 6",250,4,0,0,0,0,0
"ראלף שובר את האינטרנט 3/2","03.02.2019 21:00","אולם 6",250,14,0,0,0,0,0
"בחזרה לבורגנדי 3/2","03.02.2019 21:30","אולם 6",250,2,0,0,0,0,0
"אל דאגה הוא לא יגיע רחוק ברגל 4/2","04.02.2019 21:00","אולם 6",250,8,63,0,1.68,40.32,21
"ראלף שובר את האינטרנט 4/2","04.02.2019 21:30","אולם 6",250,11,100,0,0,0,100
"ראלף שובר את האינטרנט 5/2","05.02.2019 21:00","אולם 6",250,24,83,0,0,0,83
"אל דאגה הוא לא יגיע רחוק ברגל 5/2","05.02.2019 21:30","אולם 6",250,6,75,0,2,48,25
"אל דאגה הוא לא יגיע רחוק ברגל 13/2","05.02.2019 21:30","אולם 6",250,0,0,0,0,0,0
"ראלף שובר את האינטרנט 6/2","06.02.2019 21:00","אולם 6",250,12,178,0,4.2,100.8,73
"בחסרה לבורגנדי 6/2","06.02.2019 21:30","אולם 6",250,4,0,0,0,0,0
"אקוומן 7.2","07.02.2019 21:00","אולם 5",250,36,389,0,6.84,164.16,218
"אל דאגה הוא לא יגיע רחוק ברגל 7/2","07.02.2019 21:30","אולם 6",250,2,0,0,0,0,0
"אקוומן 9/2","09.02.2019 21:30","אולם 5",250,22,92,0,2,48,42
"בחזרה לבורגנדי 9/2","09.02.2019 22:00","אולם 6",250,0,0,0,0,0,0
"אקוומן 10.2","10.02.2019 21:00","אולם 5",250,14,63,0,2.52,60.48,0
"אל דאגה הוא לא יגיע רחוק ברגל 10/2","10.02.2019 21:30","אולם 6",250,4,0,0,0,0,0
"גדולה מהחיים 11/2","11.02.2019 21:00","אולם 5",250,14,56,0,0.84,20.16,35
"האיש שבקיר 11/2","11.02.2019 21:30","אולם 6",250,3,63,0,1.68,40.32,21
"אקוומן 12/2","12.02.2019 21:00","אולם 5",250,25,168,0,5.04,120.96,42
"האיש שבקיר 12/2","12.02.2019 21:30","אולם 6",250,0,0,0,0,0,0
"אקוומן 13/2","13.02.2019 21:00","אולם 5",250,10,142,0,2.84,68.16,71
"אל דאגה הוא לא יגיע רחוק ברגל 13/2","13.02.2019 21:30","אולם 6",250,2,0,0,0,0,0
"גדולה מהחיים 14/2","14.02.2019 21:00","אולם 5",250,8,142,0,4,96,42
"האיש שבקיר 14/2","14.02.2019 21:30","אולם 6",250,3,0,0,0,0,0
"אל דאגה הוא לא רחוק ברגל 16/2","16.02.2019 21:30","אולם 6",250,0,196,181.8,7.84,6.36,0
"גדולה מהחיים 16/2","16.02.2019 22:00","אולם 5",250,2,0,0,0,0,0
"מכירת מנויים- סמסטר ב' תשע""ט","24.02.2019 01:00","קולנוע נגטיב",5000,15,1672,0,58.48,1403.52,210
"רפסודיה בוהמית 24/2","24.02.2019 21:00","אולם 5",250,37,329,0,8.56,205.44,115
"קשר קטלני 24/2","24.02.2019 21:30","אולם 6",250,0,0,0,0,0,0
"רפסודיה בוהמית 25/2","25.02.2019 21:00","אולם 5",250,57,732,0,21.4,513.6,197
"קשר קלטני 25/2","25.02.2019 21:30","אולם 6",250,5,42,0,0,0,42
"רפסודיה בוהמית 26/2","26.02.2019 21:00","אולם 5",250,77,1075,0,25.04,600.96,449
"הפרפר 26/2","26.02.2019 21:30","אולם 6",250,2,0,0,0,0,0
"רפסודיה בוהמית 27/2","27.02.2019 21:00","אולם 5",250,52,695,0,23.04,552.96,119
"קשר קטלני 27/2","27.02.2019 21:30","אולם 6",250,2,0,0,0,0,0
"רפסודיה בוהמית 28/2","28.02.2019 21:00","אולם 5",250,19,355,0,7.2,172.8,175
"הפרפר 28/2","28.02.2019 21:30","אולם 6",250,1,0,0,0,0,0
"הפרפר 2/3","02.03.2019 21:30","אולם 6",250,6,0,0,0,0,0
"קשר קטלני 2/3","02.03.2019 22:00","אולם 6",250,2,0,0,0,0,0
"תא מרצ וקולנוע נגטיב מציגים: קינג ביבי  3/2","03.03.2019 20:30","אולם 6",265,265,2310,27,88.8,2104.2,90
"מבוסס על סיפור אמיתי 3.3","03.03.2019 21:30","אולם 6",250,0,0,0,0,0,0
"ילד מחוק 4/3","04.03.2019 21:00","אולם 5",250,1,0,0,0,0,0
"הבית עם השעון המסתורי 4/3","04.03.2019 21:30","אולם 6",250,5,0,0,0,0,0
"אתה מת רק פעמיים! 5/3","05.03.2019 20:30","אולם 6",250,28,240,0,3.6,86.4,150
"מבוסס על סיפור אמיתי 5/3","05.03.2019 21:30","אולם 6",250,0,0,0,0,0,0
"ילד מחוק 6/3","06.03.2019 21:00","אולם 5",250,7,92,0,1.68,40.32,50
"הבית עם השעון המסתורי 6/3","06.03.2019 21:00","אולם 6",250,5,50,0,2,48,0
"ילד מחוק 7/3","07.03.2019 21:00","אולם 5",250,4,0,0,0,0,0
"הבית עם השעון המסתורי 7/3","07.03.2019 21:30","אולם 6",250,0,0,0,0,0,0
"מבוסס על סיפור אמיתי 9/3","09.03.2019 21:30","אולם 6",250,3,0,0,0,0,0
"הבית עם השעון המסתורי 9/3","09.03.2019 22:00","אולם 6",250,0,0,0,0,0,0
"30 קמ""ש! 10/3","10.03.2019 20:30","אולם 6",250,30,140,0,3.6,86.4,50
"טובת הילד 10/3","10.03.2019 21:00","אולם 6",250,3,0,0,0,0,0
"פתאום משפחה 11/3","11.03.2019 21:00","אולם 5",250,12,84,0,1.68,40.32,42
"טובת הילד 11/3","11.03.2019 21:30","אולם 6",250,10,138,0,5.52,132.48,0
"ד""ר האוס VS. פרופ' שיינר! 12/10","12.03.2019 20:30","אולם 6",250,59,0,0,0,0,0
"ד""ר האוס VS.  פרופ' שיינר 12/3","12.03.2019 20:30","אולם 6",250,178,0,0,0,0,0
"פתאום משפחה 12.3","12.03.2019 21:00","אולם 5",250,14,126,0,1.68,40.32,84
"Home 13/3","13.03.2019 18:30","אולם 6",250,25,0,0,0,0,0
"פתאום משפחה 14/3","14.03.2019 21:00","אולם 5",250,4,0,0,0,0,0
"טובת הילד 14/3","14.03.2019 21:30","אולם 6",250,2,0,0,0,0,0
"פתאום משפחה 16/3","16.03.2019 21:30","אולם 5",250,8,21,0,0,0,0
"טובת הילד 16/3","16.03.2019 22:00","אולם 6",250,2,0,0,0,0,0
"רפסודיה בוהמית 17/3","17.03.2019 21:00","אולם 5",250,36,606,0,18.08,433.92,154
"רוחות קרות 17/3","17.03.2019 21:30","אולם 6",250,4,0,0,0,0,0
"רפסודיה בוהמית 21/3","21.03.2019 21:00","אולם 5",250,0,0,0,0,0,0
"רוחות קרות 21/3","21.03.2019 21:30","אולם 6",250,0,0,0,0,0,0
"רפסודיה בוהמית 23/3","23.03.2019 21:30","אולם 5",250,23,278,0,10.72,257.28,10
"רוחות קרות 23/3","23.03.2019 22:00","אולם 6",250,3,39,0,0,0,39
"דרך האבות 24/3 סרט ושיחה","24.03.2019 20:30","אולם 6",250,26,160,0,3.6,86.4,70
"האוקיינוס שבנינו 24/3","24.03.2019 21:00","אולם 6",250,4,0,0,0,0,0
"סיפור אחר 25/3","25.03.2019 21:00","אולם 5",250,28,499,0,13.92,334.08,151
"האוקיינוס שבינינו 25/3","25.03.2019 21:30","אולם 6",250,0,0,0,0,0,0
"צה""ל ב2 ז'נארים: ערב סרטים קצרים 26/3","26.03.2019 20:30","אולם 5",250,11,50,0,0.8,19.2,30
"הכל שבור ורוקד 26.3","26.03.2019 21:00","אולם 6",250,3,42,0,0.84,20.16,21
"אפרו סינמה: SUPA MODO 27/3","27.03.2019 20:30","אולם 5",250,105,0,0,0,0,0
"האוקיינוס שבינינו 27/3","27.03.2019 21:00","אולם 6",250,4,0,0,0,0,0
"סיפור אחר 28/3","28.03.2019 21:00","אולם 6",250,7,109,0,1.68,40.32,67
"הכל שבור ורוקד 28/3","28.03.2019 21:30","אולם 6",250,0,0,0,0,0,0
"סיפור אחר 30/4","30.03.2019 21:30","אולם 5",250,4,50,50,2,-2,0
"הכל שבור ורוקד 30/3","30.03.2019 22:00","אולם 6",250,0,0,0,0,0,0
"לצוד את האויב 31.3","31.03.2019 21:00","אולם 6",250,5,42,0,0,0,42
"מרדף קר 31.3","31.03.2019 21:30","אולם 5",250,0,0,0,0,0,0
"לצוד את האויב 1/4","01.04.2019 21:00","אולם 6",250,6,126,0,3.36,80.64,42
"מרדף קר 1/4","01.04.2019 21:30","אולם 5",250,12,88,0,2.68,64.32,21
"הארץ מעבר להרים 2/4","02.04.2019 20:30","אולם 6",250,72,690,0,18.8,451.2,220
"האישה 2/4","02.04.2019 21:00","אולם 6",250,4,0,0,0,0,0
"חותם - מוטלים בספק","03.04.2019 20:15","אולם 6",250,135,0,0,0,0,0
"לצוד את האויב 3/4","03.04.2019 21:00","אולם 6",250,2,0,0,0,0,0
"מרדף קר 4/4","04.04.2019 21:00","אולם 5",250,1,0,0,0,0,0
"האישה 4/4","04.04.2019 21:30","אולם 6",250,4,46,0,1.84,44.16,0
"האישה 6/4","06.04.2019 21:30","אולם 6",250,1,29,0,0,0,29
"מרדף קר 6/4","06.04.2019 22:00","אולם 5",250,0,0,0,0,0,0
"מה גברים רוצים 7/4","07.04.2019 21:00","אולם 5",250,24,136,0,3.36,80.64,52
"ילדות רעות 7.4","07.04.2019 21:30","אולם 6",250,21,273,0,10.08,241.92,21
"מה גברים רוצים 8/5","08.04.2019 21:00","אולם 5",250,4,63,0,0,0,63
"המועדון לספרות יפה של הגברת ינקלובה 8.4","08.04.2019 21:30","אולם 5",250,1,0,0,0,0,0
"סרט ערבי: Wajib","10.04.2019 20:00","אולם 6",250,0,0,0,0,0,0
"ילדות רעות 10/4","10.04.2019 21:00","אולם 6",250,6,42,0,1.68,40.32,0
"המועדון לספרות יפהשל הגב' ינקלובה 10/4","10.04.2019 21:30","אולם 5",250,2,21,0,0.84,20.16,0
"מה גברים רוצים 11/4","11.04.2019 21:00","אולם 5",250,9,71,0,2.84,68.16,0
"המועדון לספרות יפה של הגברת ינקלובה 11.4","11.04.2019 21:30","אולם 5",250,0,0,0,0,0,0
"מה גברים רוצים 13/4","13.04.2019 21:30","אולם 5",250,10,0,0,0,0,0
"המועדון לספרות יפה של הגברת ינקלובה 13/4","13.04.2019 22:00","אולם 5",250,5,46,0,1,24,21
"לפני שרגליי נוגעות בקרקע 28/4","28.04.2019 20:30","אולם 6",250,27,260,0,10,240,10
"ילד יפה 28/4","28.04.2019 21:00","אולם 6",250,1,0,0,0,0,0
"קפטן מארוול 29/4","29.04.2019 21:00","אולם 5",250,35,477,0,16.56,397.44,63
"משחקי הכס- עונה 8 פרק 3","29.04.2019 22:00","אולם 5",252,252,0,0,0,0,0
"קפטן מארוול 4/5","04.05.2019 21:30","אולם 5",250,38,302,0,5.88,141.12,155
"ילד יפה 4/5","04.05.2019 22:00","אולם 6",250,1,0,0,0,0,0
"החיים האלה 5/5","05.05.2019 21:00","אולם 6",250,0,0,0,0,0,0
"קפטן מארוול 5/5","05.05.2019 21:30","אולם 5",250,9,96,0,2.68,64.32,29
"קפטן מארוול 6/5","06.05.2019 21:00","אולם 5",250,10,0,0,0,0,0
"משחקי הכס עונה 8 פרק 4","06.05.2019 22:00","אולם 5",250,245,0,0,0,0,0
"קפטן מארוול 11.5","11.05.2019 21:30","אולם 5",250,9,100,0,4,96,0
"החיים האלה 11/5","11.05.2019 22:00","אולם 6",250,1,14,0,0.56,13.44,0
"גם כשעיני פקוחות (שגרירי רוטשילד ותכנית עמיתים)","12.05.2019 20:30","אולם 6",220,86,665,0,22.44,538.56,97.7
"שהאזאם! 12.5","12.05.2019 21:00","אולם 5",250,24,67,0,0,0,67
"שהאזאם! 13.5","13.05.2019 21:00","אולם 5",250,9,63,0,1.68,40.32,21
"משחקי הכס עונה 8 פרק 5","13.05.2019 22:00","אולם 5",250,237,0,0,0,0,0
"שהאזאם! 14/5","14.05.2019 21:00","אולם 5",250,16,326,0,3.68,88.32,144
"רובין הוד 14/5","14.05.2019 21:30","אולם 6",250,3,0,0,0,0,0
"שהאזאם! 15/5","15.05.2019 21:00","אולם 5",250,19,84,0,1.68,40.32,42
"רובין הוד 15.5","15.05.2019 21:30","אולם 6",250,2,0,0,0,0,0
"מילים נרדפות 19.5","19.05.2019 21:00","אולם 5",250,3,21,0,0.84,20.16,0
"תמונה משפחתית 19/5","19.05.2019 21:30","אולם 6",250,0,0,0,0,0,0
"בוסית בקטנה 20.5","20.05.2019 21:00","אולם 5",250,9,42,0,0,0,42
"משחקי הכס עונה 8 פרק אחרון!","20.05.2019 22:00","אולם 5",250,250,0,0,0,0,0
"אפרוסינימה #4 שחור על לבן","21.05.2019 20:30","אולם 6",250,123,0,0,0,0,0
"תמונה משפחתית 21/5","21.05.2019 21:00","אולם 6",250,4,42,0,1.68,40.32,0
"איגוד הבמאיות: ערב סרטים קצרים 22/5","22.05.2019 20:30","אולם 6",250,13,79,0,1.56,37.44,40
"מילים נרדפות 22/5","22.05.2019 21:00","אולם 5",250,7,67,0,1,24,42
"מילים נרדפות 23.5","23.05.2019 21:00","אולם 5",250,7,62,0,0,0,62
"תמונה משפחתית 23/5","23.05.2019 21:30","אולם 6",250,2,0,0,0,0,0
"בוסית בקטנה 25/5","25.05.2019 21:30","אולם 5",250,4,0,0,0,0,0
"תמונה משפחתית 25/5","25.05.2019 22:00","אולם 6",250,3,14,0,0,0,14
"בוסית בקטנה 26/5","26.05.2019 21:00","אולם 5",250,4,42,0,1.68,40.32,0
"המועמד המוביל 26.5","26.05.2019 21:30","אולם 5",250,9,63,0,0.84,20.16,42
"בוסית בקטנה 27/5","27.05.2019 21:00","אולם 5",250,9,197,0,5.2,124.8,67
"המועמד המוביל 27.5","27.05.2019 21:30","אולם 5",250,0,0,0,0,0,0
"המועמד המוביל 1.6","01.06.2019 21:30","אולם 6",250,0,0,0,0,0,0
"בוסית בקטנה 1/6","01.06.2019 22:00","אולם 5",250,0,0,0,0,0,0
"חנות קטנה ומטריפה: הקרנה פעילה! 2/6","02.06.2019 20:30","אולם 6",250,79,1090,0,36,864,190
"המשפחה שלי 2.6","02.06.2019 21:00","אולם 6",250,6,92,0,3.68,88.32,0
"הספר הירוק 3.6","03.06.2019 21:00","אולם 5",250,31,126,0,4.2,100.8,21
"אור ירח 3.6","03.06.2019 21:30","אולם 6",250,10,84,0,0,0,84
"שמנה - הקרנה ושיחה עם היוצרת","04.06.2019 20:30","אולם 5",200,59,750,50,31.25,560.75,108
"אור ירח 4.6","04.06.2019 21:00","אולם 6",250,10,21,0,0,0,21
"הספר הירוק 5.6","05.06.2019 21:00","אולם 5",250,15,189,0,5.04,120.96,63
"המשפחה שלי 5.6","05.06.2019 21:30","אולם 6",250,4,42,0,1.68,40.32,0
"אור ירח 6.6","06.06.2019 21:00","אולם 6",250,1,29,0,1.16,27.84,0
"הספר הירוק 6.6","06.06.2019 21:30","אולם 5",250,11,152,0,2,48,102
"מה הסיכוי 10.6","10.06.2019 21:00","אולם 5",250,13,0,0,0,0,0
"אהבה כמו שלנו 10.6","10.06.2019 21:30","אולם 6",250,2,50,0,0,0,50
"יונתן אגסי הציל את חיי: בכורה בנגטיב! 11/6","11.06.2019 20:00","אולם 5",250,173,2903,20,100.92,2402.08,370
"אהבה כמו שלנו 11.6","11.06.2019 21:00","אולם 6",250,4,63,0,0,0,21
"מה הסיכוי 13.6","13.06.2019 21:00","אולם 5",250,4,0,0,0,0,0
"אהבה כמו שלנו 13.6","13.06.2019 21:30","אולם 6",250,0,0,0,0,0,0
"מה הסיכוי 15.6","15.06.2019 21:30","אולם 5",250,5,0,0,0,0,0
"אהבה כמו שלנו 15.6","15.06.2019 22:00","אולם 6",250,1,0,0,0,0,0
"נוכלות עם סגנון 16.6","16.06.2019 21:00","אולם 5",250,10,0,0,0,0,0
"120 פעימות בדקה 16.6","16.06.2019 21:30","אולם 6",250,0,0,0,0,0,0
"120 פעימות בדקה 17.06.19","17.06.2019 21:00","אולם 6",250,0,0,0,0,0,0
"יום נפלא 17.6","17.06.2019 21:00","אולם 6",250,3,0,0,0,0,0
"פוקימון: הבלש פיקאצ'ו 17.6","17.06.2019 21:30","אולם 5",250,21,134,0,0.84,20.16,113
"המוסד: טרום בכורה בנגטיב! 18.6","18.06.2019 20:30","אולם 5",250,194,1673,20,59.16,1399.84,194
"יום נפלא 18.6","18.06.2019 21:00","אולם 6",250,2,0,0,0,0,0
"120 פעימות בדקה 19.6","19.06.2019 21:00","אולם 5",250,2,42,0,0,0,42
"נוכלות עם סגנון 19.6","19.06.2019 21:30","אולם 5",250,10,84,0,1.68,40.32,42
"פוקימון: הבלש פיקאצ'ו 20.6","20.06.2019 21:00","אולם 5",250,9,42,0,0.84,20.16,21
"מונדיאל נשים בקולנוע נגטיב FIFA Women's World Cup ","20.06.2019 21:00","אולם 6",250,22,0,0,0,0,0
"נוכלות עם סגנון 22.6","22.06.2019 21:30","אולם 5",250,18,193,0,3.36,80.64,109
"יום נפלא 22.6","22.06.2019 22:00","אולם 6",250,2,0,0,0,0,0
"אל דאגה הוא לא יגיע רחוק ברגל- ראשון 23.06.19","23.06.2019 21:00","אולם 6",250,1,0,0,0,0,0
"ג'ון וויק 3- ראשון 23.06.19","23.06.2019 21:30","אולם 5",250,9,84,0,2.52,60.48,21
"פוקימון: הבלש פיקאצ'ו 24.6","24.06.2019 21:00","אולם 5",250,25,176,0,1.84,44.16,130
"מה יגידו כולם- שני 24.06.19","24.06.2019 21:30","אולם 6",250,4,0,0,0,0,0
"ג'ון וויק 3- שלישי 25.06.19","25.06.2019 21:00","אולם 5",250,12,163,0,3.16,75.84,84
"מה יגידו כולם- שלישי 25.06.19","25.06.2019 21:30","אולם 6",250,4,0,0,0,0,0
"אל דאגה הוא לא יגיע רחוק ברגל- רביעי 26.06.19","26.06.2019 21:00","אולם 6",250,9,21,0,0,0,21
"פוקימון: הבלש פיקאצ'ו 26.6","26.06.2019 21:30","אולם 5",250,24,146,0,1.64,39.36,105
"ג'ון וויק 3- חמישי 27.06.19","27.06.2019 21:00","אולם 5",250,2,0,0,0,0,0
"מה יגידו כולם- חמישי 27.06.19","27.06.2019 21:30","אולם 6",250,2,0,0,0,0,0
"ג'ון וויק 3- מוצ""ש 29.06.19","29.06.2019 21:30","אולם 5",250,6,0,0,0,0,0
"אל דאגה הוא לא יגיע רחוק ברגל- מוצ""ש 29.06.19","29.06.2019 22:00","אולם 6",250,6,0,0,0,0,0
"הנוקמים: סוף המשחק ראשון 30.06.19","30.06.2019 20:30","אולם 5",250,11,113,0,3.68,88.32,21
"מבצע סבתא- ראשון 30.06.19","30.06.2019 21:00","אולם 6",250,0,0,0,0,0,0
"מבצע שלאגר- שני 01.07.19","01.07.2019 21:00","אולם 5",250,13,105,0,3.36,80.64,21
"בן חזר הביתה- שני 01.07.19","01.07.2019 21:30","אולם 6",250,3,63,0,0.84,20.16,42
"הנוקמים: סוף המשחק- שלישי 02.07.19","02.07.2019 20:30","אולם 5",250,21,155,0,3.68,88.32,63
"בן חזר הביתה- שלישי 02.07.19","02.07.2019 21:00","אולם 6",250,4,0,0,0,0,0
"מבצע שלאגר- רביעי 03.07.19","03.07.2019 21:00","אולם 5",250,0,0,0,0,0,0
"מבצע סבתא- רביעי 03.07.19","03.07.2019 21:30","אולם 6",250,4,0,0,0,0,0
"הנוקמים: סוף המשחק- חמישי 04.07.19","04.07.2019 20:30","אולם 5",250,15,63,0,2.52,60.48,0
"בן חזר הביתה- חמישי 04.07.19","04.07.2019 21:00","אולם 6",250,4,56,0,2.24,53.76,0
"הנוקמים: סוף המשחק- מוצ""ש 06.07.19","06.07.2019 21:00","אולם 5",250,14,96,0,1,24,71
"מבצע סבתא- מוצ""ש 06.07.19","06.07.2019 22:00","אולם 6",250,2,0,0,0,0,0
"חורשות את הלילה- ראשון 07.07.19","07.07.2019 21:00","אולם 5",250,2,0,0,0,0,0
"הבן דוד- ראשון 07.07.19","07.07.2019 21:30","אולם 6",250,2,42,0,1.68,40.32,0
"המשחק הגדול- שני 08.07.19","08.07.2019 21:00","אולם 6",250,6,0,0,0,0,0
"רוקטמן- שני 08.07.19","08.07.2019 21:30","אולם 5",250,26,105,0,1.68,40.32,63
"המשחק הגדול- שלישי 09.07.19","09.07.2019 21:00","אולם 6",250,0,0,0,0,0,0
"חורשות את הלילה- שלישי 09.07.19","09.07.2019 21:30","אולם 5",250,8,46,0,0,0,46
"רוקטמן- רביעי 10.07.19","10.07.2019 21:00","אולם 5",250,11,50,0,2,48,0
"הבן דוד- רביעי 10.07.19","10.07.2019 21:30","אולם 6",250,2,0,0,0,0,0
"המשחק הגדול- חמישי 11.07.19","11.07.2019 21:00","אולם 6",250,4,0,0,0,0,0
"חורשות את הלילה- חמישי 11.07.19","11.07.2019 21:30","אולם 5",250,1,0,0,0,0,0
"רוקטמן- מוצ""ש 13.07.19","13.07.2019 21:30","אולם 5",250,31,230,0,4.52,108.48,117
"הבן דוד- מוצ""ש 13.07.19","13.07.2019 22:00","אולם 6",250,0,60,60,2.4,-2.4,0
"אקסמן: הפניקס האפלה- ראשון 14.07.19","14.07.2019 21:00","אולם 5",250,23,168,0,1.68,40.32,126
"המשחק הגדול- ראשון 14.07.19","14.07.2019 21:00","אולם 6",250,6,42,0,1.68,40.32,0
"אקסמן: הפניקס האפלה- שני 15.07.19","15.07.2019 21:00","אולם 5",250,18,107,0,3.28,78.72,25
"הבן דוד- שני 15.07.19","15.07.2019 21:30","אולם 6",250,9,105,0,3.36,80.64,21
"המשחק הגדול- שלישי 16.07.19","16.07.2019 21:00","אולם 6",250,3,0,0,0,0,0
"מורים בהפרעה- שלישי 16.07.19","16.07.2019 21:30","אולם 6",250,2,0,0,0,0,0
"אקסמן: הפניקס האפלה- רביעי 17.07.19","17.07.2019 21:00","אולם 5",250,15,127,0,4.24,101.76,21
"הבן דוד- רביעי 17.07.19","17.07.2019 21:30","אולם 6",250,3,25,0,0,0,25
"אקסמן: הפניקס האפלה- חמישי 18.07.19","18.07.2019 21:00","אולם 5",250,13,125,0,1.84,44.16,79
"מורים בהפרעה- חמישי 18.07.19","18.07.2019 21:30","אולם 6",250,1,0,0,0,0,0
"גברים בשחור: אינטרנשיונל- ראשון 21.07.19","21.07.2019 21:00","אולם 5",250,5,21,0,0.84,20.16,0
"המילה האחרונה- ראשון 21.07.19","21.07.2019 21:30","אולם 6",250,3,0,0,0,0,0
"גברים בשחור: אינטרנשיונל- שני 22.07","22.07.2019 21:00","אולם 5",250,20,21,0,0.84,20.16,0
"תרגיל לשוטרים מתחילים- שני 22.07.19","22.07.2019 21:30","אולם 6",250,0,0,0,0,0,0
"גברים בשחור: אינטרנשיונל- שלישי 23.07.19","23.07.2019 21:00","אולם 5",250,10,54,0,2.16,51.84,0
"המילה האחרונה- שלישי 23.07.19","23.07.2019 21:30","אולם 6",250,12,142,0,0,0,142
"גברים בשחור: אינטרנשיונל- רביעי 24.07.19","24.07.2019 21:00","אולם 5",250,2,29,0,1.16,27.84,0
"תרגיל לשוטרים מתחילים- רביעי 24.07.19","24.07.2019 21:30","אולם 6",250,0,0,0,0,0,0
"משחק ילדים- ראשון 28.07.19","28.07.2019 21:00","אולם 5",250,2,0,0,0,0,0
"זוהי סדום- ראשון 28.07.19","28.07.2019 21:30","אולם 6",250,4,29,0,1.16,27.84,0
"משחק ילדים- שני 29.07.19","29.07.2019 21:00","אולם 5",250,6,0,0,0,0,0
"תרגיל לשוטרים מתחילים- שני 29.07.19","29.07.2019 21:30","אולם 6",250,6,0,0,0,0,0
"משחק ילדים- שלישי 30.07.19","30.07.2019 21:00","אולם 5",250,4,0,0,0,0,0
"זוהי סדום- שלישי 30.07.19","30.07.2019 21:30","אולם 6",250,4,50,0,2,48,0
"משחק ילדים- רביעי 31.07.19","31.07.2019 21:00","אולם 5",250,4,63,0,0.84,20.16,42
"זוהי סדום- רביעי 31.07.19","31.07.2019 21:30","אולם 6",250,0,0,0,0,0,0
"ספיידרמן: השיבה הביתה- שני 05.08","05.08.2019 21:00","אולם 6",250,3,0,0,0,0,0
"משפטו של טד בנדי- שני 05.08.19","05.08.2019 21:30","אולם 5",250,0,0,0,0,0,0
"הגננת- שני 05.08.19","05.08.2019 21:30","אולם 5",250,2,31,0,0.4,9.6,21
"ספיידרמן: השיבה הביתה- שלישי 06.08","06.08.2019 21:00","אולם 6",250,3,0,0,0,0,0
"משפטו של טד בנדי- שלישי 06.08.19","06.08.2019 21:30","אולם 5",250,0,0,0,0,0,0
"הגננת- שלישי 06.08.19","06.08.2019 21:30","אולם 5",250,3,42,0,1.68,40.32,0
"ספיידרמן: השיבה הביתה- רביעי 07.08","07.08.2019 21:00","אולם 6",250,2,0,0,0,0,0
"משפטו של טד בנדי- רביעי 07.08.19","07.08.2019 21:30","אולם 5",250,0,0,0,0,0,0
"הגננת- רביעי 07.08.19","07.08.2019 21:30","אולם 5",250,8,42,0,1.68,40.32,0
"הסרבן- שני 12.08.19","12.08.2019 21:00","אולם 5",250,5,21,0,0,0,21
"החיים הסודיים של חיות המחמד- שני 12.8","12.08.2019 21:30","אולם 6",250,5,0,0,0,0,0
"הסרבן- שלישי 13.08.19","13.08.2019 21:00","אולם 5",250,0,0,0,0,0,0
"החיים הסודיים של חיות המחמד- שלישי 13.8","13.08.2019 21:30","אולם 6",250,5,71,0,0,0,71
"הסרבן- רביעי 14.08.19","14.08.2019 21:00","אולם 5",250,5,28,0,1.12,26.88,0
"החיים הסודיים של חיות המחמד- רביעי 14.8","14.08.2019 21:30","אולם 6",250,4,79,0,3.16,75.84,0
"אושן 8 19.8","19.08.2019 21:00","אולם 5",250,6,50,0,0,0,50
"אפס ביחסי אנוש 19.8","19.08.2019 21:30","אולם 6",250,5,0,0,0,0,0
"אפס ביחסי אנוש 20.8","20.08.2019 21:00","אולם 6",250,2,0,0,0,0,0
"אושן 8 20/8","20.08.2019 21:30","אולם 5",250,0,0,0,0,0,0
"אושן 8 21.8","21.08.2019 21:00","אולם 5",250,0,0,0,0,0,0
"אפס ביחסי אנוש 21.8","21.08.2019 21:30","אולם 6",250,1,0,0,0,0,0
"ספיידרמן: רחוק מהבית- שני 26.08.19","26.08.2019 21:00","אולם 5",250,31,360,0,11.72,281.28,67
"ספיידרמן: רחוק מהבית- שלישי 27.08.19","27.08.2019 21:00","אולם 5",250,25,210,0,3.36,80.64,126
"ספיידרמן: רחוק מהבית- רביעי 28.08.19","28.08.2019 21:00","אולם 5",250,21,184,0,6.36,152.64,25
"כרטיסיית סרטים תש""פ","01.09.2019 20:00","קולנוע נגטיב",5000,78,5005,0,117.2,2812.8,2075
"פאלטס דוכן- אשראי","27.10.2019 10:00","קולנוע נגטיב",5000,13,130,0,5.2,124.8,0
"מלך האריות/ 27.10 The Lion King","27.10.2019 21:00","אולם 5 / Hall 5",250,6,25,0,1,24,0
"מעודדות הזהב / Poms 27.10 ","27.10.2019 21:30","אולם 6 / Hall 6",250,0,0,0,0,0,0
"המין החזק / On the Basis of Sex 28.10","28.10.2019 21:00","אולם 5 / Hall 5",250,0,0,0,0,0,0
"מעודדות הזהב / 28.10 Poms","28.10.2019 21:30","אולם 6 / Hall 6",250,8,0,0,0,0,0
"מלך האריות/ 29.10 The Lion King","29.10.2019 21:00","אולם 5 / Hall 5",250,15,30,0,1.2,28.8,0
"המין החזק / 29.10 On the Basis of Sex","29.10.2019 21:30","אולם 6 / Hall 6",250,2,0,0,0,0,0
"המין החזק / 30.10 On the Basis of Sex","30.10.2019 21:00","אולם 5 / Hall 5",250,0,0,0,0,0,0
"מעודדות הזהב / 30.10 Poms","30.10.2019 21:30","אולם 6 / Hall 6",250,3,0,0,0,0,0
"החבר דב: בכורה בקולנוע נגטיב! הקרנה ושיחה עם דב חנין 3.11","03.11.2019 20:00","אולם 5 / Hall 5",250,239,2620,18,89.4,2127.6,385
"קולט / 3.11 Colette","03.11.2019 21:00","אולם 6 / Hall 6",250,1,0,0,0,0,0
"מלך האריות/ 4.11 The Lion King","04.11.2019 21:00","אולם 5 / Hall 5",250,10,90,0,1.6,38.4,50
"קולט / 4.11 Colette","04.11.2019 21:30","אולם 6 / Hall 6",250,5,30,0,1.2,28.8,0
"13 שעות / 5.11 13Hours","05.11.2019 21:00","אולם 5 / Hall 5",250,0,0,0,0,0,0
"מלך האריות/ 6.11 The Lion King","06.11.2019 21:00","אולם 5 / Hall 5",250,7,40,0,1.6,38.4,0
"קולט / 6.11 Colette","06.11.2019 21:30","אולם 6 / Hall 6",250,1,0,0,0,0,0
"ימים נוראים בנגטיב! 10.11","10.11.2019 19:30","אולם 5 / Hall 5",250,250,3565,13.5,142.6,3408.9,0
"ימים נוראים- אירוע ספייר","10.11.2019 19:30","אולם 5 / Hall 5",250,8,120,0,2,48,70
"13 שעות / 11.11 13 Hours","11.11.2019 21:00","אולם 5 / Hall 5",250,3,0,0,0,0,0
"אישה פנטסטית / 11.11 A Fantastic Woman","11.11.2019 21:30","אולם 6 / Hall 6",250,5,0,0,0,0,0
"טעימה מהחיים 12.11","12.11.2019 20:00","אולם 5",200,130,0,0,0,0,0
"משוגעים מאהבה 12.11","12.11.2019 20:00","אולם 6",200,102,0,0,0,0,0
"העודף בשבילך 12.11","12.11.2019 21:45","אולם 5",200,91,0,0,0,0,0
"קרוב להפליא, רועש להחריד 12.11","12.11.2019 21:45","אולם 6",200,96,0,0,0,0,0
"איש מזל התאומים / 17.11 Gemini Man","17.11.2019 21:00","אולם 5 / Hall 5",250,5,0,0,0,0,0
"אישה פנטסטית / 17.11 A Fantastic Woman","17.11.2019 21:30","אולם 6 / Hall 6",250,1,0,0,0,0,0
"איש מזל התאומים / 18.11 Gemini Man","18.11.2019 21:00","אולם 5 / Hall 5",250,4,25,0,1,24,0
"13 שעות / 18.11 13Hours","18.11.2019 21:30","אולם 6 / Hall 6",250,2,0,0,0,0,0
"אחת ויחידה / 18.11 The Chosen Ones","18.11.2019 21:30","אולם 6 / Hall 6",250,0,0,0,0,0,0
"ליגה ג' בנגטיב: הקרנה ושיחה","19.11.2019 20:30","אולם 5",250,62,0,0,0,0,0
"אחת ויחידה / 19.11 The Chosen Ones","19.11.2019 21:00","אולם 5 / Hall 5",250,5,15,0,0.6,14.4,0
"איש מזל התאומים / 20.11 Gemini Man","20.11.2019 21:00","אולם 5 / Hall 5",250,0,0,0,0,0,0
"איש מזל תאומים 20.11.19 GEMINI MAN","20.11.2019 21:00","אולם 5 / Hall 5",250,3,30,0,1.2,28.8,0
"אחת ויחידה / 20.11 The Chosen Ones","20.11.2019 21:30","אולם 6 / Hall 6",250,4,65,0,2.6,62.4,0
"אירוע סיגד: טיול שורשים לאתיופיה 24/11","24.11.2019 20:30","אולם 5",250,57,0,0,0,0,0
"999 24.11 Triple 9","24.11.2019 21:00","אולם 5 / Hall 5",250,0,0,0,0,0,0
"תיק חיי: אירוע אלימות נגד נשים 25.11","25.11.2019 20:00","אולם 6 / Hall 6",250,3,10,0,0.4,9.6,0
"תיק חיי: יום ציון מאבק באלימות נגד נשים 25/11","25.11.2019 20:30","אולם 6 / Hall 6",250,15,110,0,4,96,10
"השורד 25.11 Arctic","25.11.2019 21:00","אולם 5 / Hall 5",250,5,0,0,0,0,0
"999 25/11 TRIPLE 9","26.11.2019 21:00","אולם 5 / Hall 5",250,1,15,0,0,0,15
"השורד 26.11 ARCTIC","26.11.2019 21:30","אולם 5 / Hall 5",250,2,40,0,1.6,38.4,0
"אבינו 27.11.19","27.11.2019 21:00","אולם 6 / Hall 6",250,5,75,0,3,72,0
"השורד 27.11 ARCTIC","27.11.2019 21:30","אולם 5 / Hall 5",250,7,35,0,1.4,33.6,0
"פרופ' ריזנברג VS ד""ר האוס 1.12","01.12.2019 20:15","אולם 6",250,245,0,0,0,0,0
"999 2.12 Triple 9","02.12.2019 21:00","אולם 5 / Hall 5",250,0,0,0,0,0,0
"אבינו 2.12.19","02.12.2019 21:30","אולם 6 / Hall 6",250,0,0,0,0,0,0
"999 4.12 Triple 9","04.12.2019 21:00","אולם 5 / Hall 5",250,4,0,0,0,0,0
"אבינו 4.12.19","04.12.2019 21:30","אולם 6 / Hall 6",250,2,0,0,0,0,0
"סיפורו של רחוב ביל 8.12 If Beale Street Could Talk","08.12.2019 21:00","אולם 6 / Hall 6",250,4,10,0,0.4,9.6,0
"המתקפה 8.12 Unlocked","08.12.2019 21:30","אולם 5 / Hall 5",250,0,0,0,0,0,0
"סיפורו של רחוב ביל 9.12 If Beale Street Could Talk","09.12.2019 21:00","אולם 6 / Hall 6",250,0,0,0,0,0,0
"המתקפה 9.12 Unlocked","09.12.2019 21:30","אולם 5 / Hall 5",250,0,0,0,0,0,0
"הפרד 10.12 The Mule","10.12.2019 21:00","אולם 5 / Hall 5",250,3,0,0,0,0,0
"סיפורו של רחוב ביל 10.12 If Beale Street Could Talk","10.12.2019 21:30","אולם 6 / Hall 6",250,2,0,0,0,0,0
"מי יאהב אותי עכשיו? בכורה בנגטיב+ שיחה 11.12","11.12.2019 20:00","אולם 5 / Hall 5",250,83,880,0,31.2,748.8,100
"הפרד 15.12 The Mule","15.12.2019 21:00","אולם 5 / Hall 5",250,1,0,0,0,0,0
"המתקפה 15.12 Unlocked","15.12.2019 21:30","אולם 6 / Hall 6",250,3,0,0,0,0,0
"המלאכיות של צ'רלי 17.12 Charlie's Angels","17.12.2019 21:00","אולם 5 / Hall 5",250,3,0,0,0,0,0
"סודות הפרברים 17.12 Suburbicon","17.12.2019 21:30","אולם 6 / Auditorium 6",250,0,0,0,0,0,0
"בשם הבת: הקרנת בכורה ושיחה בנגטיב","18.12.2019 20:30","אולם 5 / Hall 5",250,53,640,0,20.2,484.8,135
"המלאכיות של צ'רלי 22.12 Charlie's Angels","22.12.2019 21:00","אולם 5 / Hall 5",250,3,40,0,1.2,28.8,10
"סודות הפרברים 22.12 Suburbicon","22.12.2019 21:30","אולם 6 / Auditorium 6",250,0,0,0,0,0,0
"המלאכיות של צ'רלי 23.12 Charlie's Angels","23.12.2019 21:00","אולם 5 / Hall 5",250,2,35,0,1.4,33.6,0
"גיבור אמריקאי 23.12 A Family Man","23.12.2019 21:30","אולם 6 / Auditorium 6",250,0,0,0,0,0,0
"אפרוסינמה: הרצאה והקרנה NGO 24.12","24.12.2019 20:00","אולם 6",250,63,0,0,0,0,0
"סודות הפרברים 24.12 Suburbicon","24.12.2019 21:00","אולם 5 / Auditorium 5",250,0,0,0,0,0,0
"ג'וקר 25.12 Joker","25.12.2019 21:00","אולם 5 / Auditorium 5",250,20,185,0,6.2,148.8,30
"גיבור אמריקאי 25.12 A Family Man","25.12.2019 21:30","אולם 6 / Auditorium 6",250,1,15,0,0,0,15
"ג'וקר 29.12 Joker","29.12.2019 21:00","אולם 5 / Auditorium 5",250,37,410,0,8,192,210
"הפורצת 29.12 The Burglar","29.12.2019 21:30","אולם 6 / Auditorium 6",250,1,15,0,0.6,14.4,0
"ג'וקר 30.12 Joker","30.12.2019 21:00","אולם 5 / Auditorium 5",250,37,480,0,15.8,379.2,85
"הפורצת 30.12 The Burglar","30.12.2019 21:30","אולם 6 / Auditorium 6",250,0,0,0,0,0,0
"גיבור אמריקאי 1.1 A Family Man","01.01.2020 21:30","אולם 6 / Auditorium 6",250,1,0,0,0,0,0
"הפורצת 1.1 The Burglar","01.01.2020 21:30","אולם 5 / Auditorium 5",250,0,0,0,0,0,0
"פרופ' שיינר VS ד""ר האוס 5.1.20","05.01.2020 20:15","אולם 6",227,227,0,0,0,0,0
"המרוץ 6.01 Race","06.01.2020 21:00","אולם 5 / Auditorium 5",250,4,65,0,2.6,62.4,0
"פוקימון: הבלש פיקאצ'ו 6.01 Pokémon Detective Pikachu","06.01.2020 21:30","אולם 6",250,0,0,0,0,0,0
"משוגעים מאהבה 7.1","07.01.2020 20:00","אולם 6",200,126,0,0,0,0,0
"טעימה  מהחיים 7.1","07.01.2020 20:00","אולם 5",200,200,0,0,0,0,0
"קרוב להפליא, רועש להחריד 7.1","07.01.2020 21:45","אולם 6",200,133,0,0,0,0,0
"העודף בשבילך 7.1","07.01.2020 21:45","אולם 5",200,132,0,0,0,0,0
"פוקימון: הבלש פיקאצ'ו 13.01 Pokémon Detective Pikachu","13.01.2020 21:00","אולם 6",250,4,70,0,1.6,38.4,30
"מופע האימים של רוקי: מופע העשור! 14.1 Rocky Horror Show","14.01.2020 20:30","אולם 5 Auditorium",230,152,3837,0,140.2,3364.8,332
"פוקימון: הבלש פיקאצ'ו 14.01 Pokémon Detective Pikachu","14.01.2020 21:00","אולם 6",250,5,69,0,0,0,69
"ג'קסי 15.01 Jexi","15.01.2020 21:00","אולם 5 / Auditorium 5",250,3,30,0,0,0,30
"המרוץ 15.01 Race","15.01.2020 21:30","אולם 6 / Auditorium 6",250,4,35,0,0.6,14.4,20
"אפרוסינמה#2: מיניות נשית באפריקה","19.01.2020 20:00","אולם 6",250,119,0,0,0,0,0
"היו זמנים בהוליווד 19.1 Once Upon A Time in Hollywood","19.01.2020 21:00","אולם 5",250,9,78,0,0.8,19.2,58
"כרטיסיית פופקורן תש""פ","20.01.2020 20:00","קולנוע נגטיב",5000,0,0,0,0,0,0
"כרטיסיית לחמניות תש""פ","20.01.2020 20:00","קולנוע נגטיב",5000,0,0,0,0,0,0
"היו זמנים בהוליווד 20.1 Once Upon A Time in Hollywood","20.01.2020 21:00","אולם 6",250,6,0,0,0,0,0
"ג'קסי 20.01 Jexi","20.01.2020 21:30","אולם 5 / Auditorium 5",250,12,110,0,4.4,105.6,0
"היו זמנים בהוליווד 21.1 Once Upon A Time in Hollywood","21.01.2020 21:00","אולם 6",250,4,40,0,1.6,38.4,0
"ג'ומנג'י: השלב הבא 21.1 Jumanji: The Next Level","21.01.2020 21:30","אולם 5",250,16,165,0,5.8,139.2,20
"היו זמנים בהוליווד 22.1 Once Upon A Time in Hollywood","22.01.2020 21:00","אולם 6",250,13,169,0,2.56,61.44,105
"ג'ומנג'י: השלב הבא 22.1 Jumanji: The Next Leve","22.01.2020 21:30","אולם 5",250,6,20,0,0.8,19.2,0
"ג'ומנג'י: השלב הבא 26.1 Jumanji: The Next Level","26.01.2020 21:00","אולם 5",250,18,50,0,2,48,0
"שם פרטי 26.1 What's In A Name","26.01.2020 21:30","אולם 6 Auditorium",250,1,0,0,0,0,0
"מלחמת הכוכבים- פרק 9: עלייתו של סקייווקר 27.1 Star Wars: Episode IX - The Rise of Skywalker","27.01.2020 21:00","אולם 5 Auditorium",250,4,15,0,0.6,14.4,0
"שם פרטי 27.1 What's In A Name","27.01.2020 21:30","אולם 6 Auditorium",250,2,0,0,0,0,0
"מלחמת הכוכבים- פרק 9: עלייתו של סקייווקר 28.1 Star Wars: Episode IX - The Rise of Skywalker","28.01.2020 21:00","אולם 5 Auditorium",250,12,115,0,3.6,86.4,25
"שם פרטי 28.1 What's In A Name","28.01.2020 21:30","אולם 6 Auditorium",250,5,15,0,0,0,15
"מלחמת הכוכבים- פרק 9: עלייתו של סקייווקר 29.1 Star Wars: Episode IX - The Rise of Skywalker","29.01.2020 21:00","אולם 5 Auditorium",250,7,0,0,0,0,0
"שם פרטי 29.1 What's In A Name","29.01.2020 21:30","אולם 6 Auditorium",250,5,60,0,2.4,57.6,0
"כרטיסיית סרטים סמסטר ב תש""פ","02.02.2020 20:00","קולנוע נגטיב",5000,0,0,0,0,0,0
"באטמן נגד סופרמן: שחר הצדק 2.2 Batman v Superman: Dawn of Justice","02.02.2020 21:00","אולם 5 / Auditorium 5",250,9,0,0,0,0,0
"וונדר וומן 3.2 Wonder Woman","03.02.2020 21:00","אולם 5 / Auditorium 5",250,23,0,0,0,0,0
"ליגת הצדק 4.2 Justice League","04.02.2020 21:00","אולם 5 / Auditorium 5",250,23,0,0,0,0,0
"אקוומן 5.2 Aquaman","05.02.2020 21:00","אולם 5 / Auditorium 5",250,27,0,0,0,0,0
טעות,"05.02.2020 21:00","אולם 5 / Auditorium 5",250,0,0,0,0,0,0
"פצצה 9.2 Bombshell","09.02.2020 21:00","אולם 5",250,14,0,0,0,0,0
"לייט נייט 9.2 Late Night","09.02.2020 21:30","אולם 6",250,2,15,0,0,0,15
"פצצה 10.2 Bombshell","10.02.2020 21:00","אולם 5",250,3,0,0,0,0,0
"לייט נייט 10.2 Late Night","10.02.2020 21:30","אולם 6",250,0,0,0,0,0,0
"ונום 11.2 Venom","11.02.2020 21:00","אולם 5 Auditorium",250,4,15,0,0,0,15
"לייט נייט 11.2 Late Night","11.02.2020 21:30","אולם 6",250,1,0,0,0,0,0
"פצצה 12.2 Bombshell","12.02.2020 21:00","אולם 5",250,18,114,0,2.4,57.6,54
"לייט נייט 12.2 Late Night","12.02.2020 21:30","אולם 6",250,3,0,0,0,0,0
"נער החידות ממומביי 16.2 Slumdog Millionaire","16.02.2020 21:00","אולם 5 / Auditorium 5",250,3,0,0,0,0,0
"ארגו 17.2 Argo","17.02.2020 21:00","אולם 5 / Auditorium 5",250,16,0,0,0,0,0
"12 שנים של עבדות 18.2 12 Years A Slave","18.02.2020 21:00","אולם 5 / Auditorium 5",250,11,0,0,0,0,0
"בירדמן 19.2 Birdman","19.02.2020 21:00","אולם 5 / Auditorium 5",250,2,0,0,0,0,0
"מרגלים לא רגילים 23.2 Spies in Disguise","23.02.2020 21:00","אולם 5",250,3,0,0,0,0,0
"ונום 23.2 Venom","23.02.2020 21:30","אולם 6 Auditorium",250,0,0,0,0,0,0
"התיאוריה של הכל 24.2 The Theory of Everything","24.02.2020 21:00","אולם 5",250,0,0,0,0,0,0
"ונום 24.2 Venom","24.02.2020 21:30","אולם 6 Auditorium",250,2,0,0,0,0,0
"מרגלים לא רגילים 25.2 Spies in Disguise","25.02.2020 21:00","אולם 5",250,0,0,0,0,0,0
"ונום 25.2 Venom","25.02.2020 21:30","אולם 6 Auditorium",250,2,0,0,0,0,0
"מרגלים לא רגילים 26.2 Spies in Disguise","26.02.2020 21:00","אולם 5",250,4,40,0,0,0,40
"התיאוריה של הכל 26.2 The Theory of Everything","26.02.2020 21:30","אולם 6",250,2,40,0,0,0,40
"ג'וג'ו ראביט 15.3 Jojo Rabbit","15.03.2020 21:00","אולם 5 Auditorium",250,0,0,0,0,0,0
"הסודות של ג'ואן 15.3 Red Joan","15.03.2020 21:30","אולם 6 Auditorium",250,0,0,0,0,0,0
"ג'וג'ו ראביט 16.3 Jojo Rabbit","16.03.2020 21:00","אולם 5 Auditorium",250,0,0,0,0,0,0
"הסודות של ג'ואן 16.3 Red Joan","16.03.2020 21:30","אולם 6 Auditorium",250,0,0,0,0,0,0
"אירוע פניקס בקולנוע נגטיב! Phoenix 17/3","17.03.2020 20:00","אולם 5 / Hall 5",95,1,190,180,7.6,2.4,0
"ג'וג'ו ראביט 18.3 Jojo Rabbit","18.03.2020 21:00","אולם 5 Auditorium",250,0,0,0,0,0,0
"הסודות של ג'ואן 18.3 Red Joan","18.03.2020 21:30","אולם 6 Auditorium",250,0,0,0,0,0,0
"הלומים בנגטיב! 22/3","22.03.2020 20:00","אולם 5 / Hall 5",250,0,155,155,6.2,-6.2,0
"נשמה של כלב 2 23.3 A Dog's Journey","23.03.2020 21:00","אולם 6 Auditorium",250,0,0,0,0,0,0
"נשים קטנות 23.3 Little Women","23.03.2020 21:30","אולם 5 Auditorium",250,0,0,0,0,0,0
"אירוע חות""ם: הסוסיתא של הרצל 24.3","24.03.2020 19:30","אולם 6",220,0,0,0,0,0,0
"נשמה של כלב 2 25.3 A Dog's Journey","25.03.2020 21:00","אולם 6 Auditorium",250,0,0,0,0,0,0
"נשים קטנות 25.3 Little Women","25.03.2020 21:30","אולם 5 Auditorium",250,0,30,30,1.2,-1.2,0
"אנשים שהם לא אני: הקרנת בכורה בנגטיב 29/3/20","29.03.2020 20:00","אולם 5 / Hall 5",250,8,145,118.5,5.8,20.7,0
"עם הגב לקיר 31.3 Dragged Across Concrete ","31.03.2020 21:00","אולם 6 Auditorium",250,0,0,0,0,0,0
"עם הגב לקיר 1.4 Dragged Across Concrete","01.04.2020 21:00","אולם 6 Auditorium",250,0,0,0,0,0,0
"מלחמה פרטית 5.4 A Private War","05.04.2020 21:00","אולם 6 Auditorium",250,0,0,0,0,0,0
"עם הגב לקיר 6.4 Dragged Across Concrete","06.04.2020 21:00","אולם 6 Auditorium",250,0,0,0,0,0,0
"שם הסרט/ אירוע תאריך Name Eng","06.04.2020 21:00","אולם 6 Auditorium",250,0,0,0,0,0,0
"מלחמה פרטית 7.4 A Private War","07.04.2020 21:00","אולם 6 Auditorium",250,0,0,0,0,0,0
,,,,10002,68033,1069.95,2109.11,46334.94,18249.7


משיכות
מספר,סכום,תאריך,חשבון
8776,2964.48,"23.01.2020 13:19","12 - הפועלים - 770 - 38273 - אגודת הסטודנטים אוניברסיטת בן-גוריון בנגב"
7958,8743.86,"04.12.2019 08:25","12 - הפועלים - 770 - 38273 - אגודת הסטודנטים אוניברסיטת בן-גוריון בנגב"
6671,1356.96,"08.09.2019 06:35","12 - הפועלים - 770 - 38273 - אגודת הסטודנטים אוניברסיטת בן-גוריון בנגב"
6053,8818.88,"14.07.2019 13:43","12 - הפועלים - 770 - 38273 - אגודת הסטודנטים אוניברסיטת בן-גוריון בנגב"
4865,8016.32,"16.04.2019 07:31","12 - הפועלים - 770 - 38273 - אגודת הסטודנטים אוניברסיטת בן-גוריון בנגב"
4057,12385.78,"19.02.2019 11:33","12 - הפועלים - 770 - 38273 - אגודת הסטודנטים אוניברסיטת בן-גוריון בנגב"
,42286.28,,

"קיזוזים והפקדות"
פעולה,סכום,תאריך
,0,

סיכום
"סה""כ הכנסה מאירועים",46334.94
"סה""כ משיכות",42286.28
"סה""כ קיזוזים והפקדות",0
"סה""כ כללי",4048.66
